{
  "__comment": "Instructions: https://blakesmods.com/docs/cucumber/tags-config",
  "forge:ingots/tungsten": "createmetallurgy:tungsten_ingot",
  "forge:silicon": "ae2:silicon",
  "forge:gems/apatite": "null",
  "forge:dusts/saltpeter": "null",
  "forge:ingots/steel": "createindustry:steel_ingot",
  "forge:ingots/lead": "createindustry:lead_ingot",
  "forge:ingots/mithril": "null",
  "forge:ingots/iridium": "null",
  "forge:ingots/zinc": "create:zinc_ingot",
  "forge:ingots/invar": "null",
  "forge:gems/ruby": "null",
  "forge:dusts/niter": "null",
  "forge:ingots/chrome": "null",
  "forge:dusts/sulfur": "mekanism:dust_sulfur",
  "forge:ingots/nickel": "createindustry:nickel_ingot",
  "forge:ingots/constantan": "null",
  "forge:ingots/tin": "mekanism:ingot_tin",
  "forge:gems/sapphire": "null",
  "forge:ingots/bronze": "fusion:bronze_ingot",
  "forge:ingots/electrum": "createaddition:electrum_ingot",
  "forge:ingots/silver": "null",
  "forge:ingots/platinum": "null",
  "forge:ingots/graphite": "null",
  "forge:ingots/uranium": "mekanism:ingot_uranium",
  "forge:ingots/aluminum": "createindustry:aluminum_ingot",
  "forge:ingots/brass": "create:brass_ingot",
  "forge:ingots/titanium": "null",
  "forge:rubber": "null"
}