{
  "schema_version": 1,
  "failed_reloads_per_session": 5,
  "default_packs": [
    "file/Newer Age v0.2.zip",
    "file/Create Teleporters Remastered.zip",
    "file/ThoriumFix.zip",
    "file/createtrainbetterwording.zip",
    "file/createadvancementplague.zip",
    "file/createadvancementplague.zip",
    "file/AOC Resources.zip",
    "file/createUIv2.zip",
    "file/PlainTextDreamDesires.zip",
    "file/Create_Style_Hopper_24_5_29.zip",
    "file/CU - 3d Wrench.zip",
    "file/Fancy, GUI Overhaul v0.1.2.8.zip",
    "file/Create_FTBQuests.zip",
    "file/Copper+Color+Fix+3.1.zip",
    "file/SRU_1-2.zip",
    "file/Created  Updated v0.1.zip",
    "file/Create Immersive Aircrafts Resource Pack 1.19.2 - 2.0.zip",
    "file/Create Simple Storage 2.1.zip",
    "file/Tom's Better Create Storage 1.1.zip",
    "file/Lopy-Create-Sophisticated-Backpacks.zip",
    "file/NoBushyLeaves.zip",
    "file/Stay_True_1.19.zip"
  ],
  "default_overrides": {
    "force_compatible": true
  },
  "pack_overrides": {
    "quark:emote_resources": {
      "hidden": true
    },
    "file/noendremeyes.zip": {
      "hidden": true
    },
    "file/DD TFMG Compat.zip": {
      "hidden": true
    },
    "file/CataclysmCreateRecipe.zip": {
      "hidden": true
    },
    "file/ExtraCreateRecipes.zip": {
      "hidden": true
    },
    "file/NOWAYSTONERECIPE.zip": {
      "hidden": true
    },
    "file/NoHammerRecipe.zip": {
      "hidden": true
    },
    "file/NoIronSpellbook.zip": {
      "hidden": true
    },
    "file/createvillagerologynorailmanager.zip": {
      "hidden": true
    },
    "file/CreateVillagersNOCREATIVERECIPES.zip": {
      "hidden": true
    },
    "file/DifferentCelestisynthRecipes.zip": {
      "hidden": true
    },
    "Supplementaries Generated Pack": {
      "hidden": true
    },
    "Everycomp Generated Pack": {
      "hidden": true
    },
    "blue_skies:legacy_pack": {
      "hidden": true
    },
    "file/AdAstraMeteorRemoval.zip": {
      "hidden": true
    },
    "builtin/builtin_resource_packs/legacy_dead_king_resource_pack": {
      "hidden": true
    },
    "builtin/glass_pane_fix_resources": {
      "hidden": true
    },
    "create:legacy_copper": {
      "hidden": true
    },
    "file/Quark Programmer Art.zip": {
      "hidden": true
    },
    "programer_art": {
      "hidden": true
    },
    "supplementaries:darker_ropes": {
      "hidden": true
    },
    "builtin/aether_125_art": {
      "hidden": true
    },
    "builtin/aether_b173_art": {
      "hidden": true
    },
    "builtin/aether_colorblind": {
      "hidden": true
    },
    "builtin/default_ctm_resources": {
      "hidden": true
    },
    "railways:legacy_semaphore": {
      "hidden": true
    },
    "builtin/aether_ctm_fix": {
      "hidden": true
    },
    "builtin/alternate_enchanted_grass": {
      "hidden": true
    },
    "builtin/classic_blight": {
      "hidden": true
    },
    "builtin/classic_moas": {
      "hidden": true
    },
    "builtin/menu_panorama": {
      "hidden": true
    },
    "builtin/name_overrides": {
      "hidden": true
    },
    "builtin/ozzified_textures": {
      "hidden": true
    },
    "builtin/redux_nature": {
      "hidden": true
    },
    "builtin/retro_dungeon": {
      "hidden": true
    },
    "file/choctranslationZHTW.zip": {
      "hidden": true
    },
    "file/createquestingzhcn.zip": {
      "hidden": true
    },
    "file/createquestingzhhk.zip": {
      "hidden": true
    },
    "file/createquestingzhtw.zip": {
      "hidden": true
    },
    "file/createtweakedcontrollerunofficialzhhktranslationr.zip": {
      "hidden": true
    },
    "file/createtweakedcontrollerunofficialzhtwtranslationr.zip": {
      "hidden": true
    },
    "file/IDAS Chinese Translation ZH CN.zip": {
      "hidden": true
    },
    "file/IDAS Chinese Translation ZH HK.zip": {
      "hidden": true
    },
    "file/IDAS Chinese Translation ZH TW.zip": {
      "hidden": true
    },
    "file/trading post ZH CN.zip": {
      "hidden": true
    },
    "file/trading post ZH HK.zip": {
      "hidden": true
    },
    "file/handcraftedzhtwunofficialtranslation.zip": {
      "hidden": true
    },
    "file/create_pattern_schematics_zh_hk_translation.zip": {
      "hidden": true
    },
    "file/create-VI-CA-TFMG-conflict-fix.zip": {
      "hidden": true
    }
  }
}
